<xml xmlns:o="urn:schemas-microsoft-com:office:office">
 <o:MainFile HRef="../Bitacora.htm"/>
 <o:File HRef="item0266.xml"/>
 <o:File HRef="props0267.xml"/>
 <o:File HRef="themedata.thmx"/>
 <o:File HRef="colorschememapping.xml"/>
 <o:File HRef="image009.png"/>
 <o:File HRef="image001.jpg"/>
 <o:File HRef="image011.png"/>
 <o:File HRef="image002.jpg"/>
 <o:File HRef="image013.png"/>
 <o:File HRef="image003.jpg"/>
 <o:File HRef="image017.gif"/>
 <o:File HRef="image005.gif"/>
 <o:File HRef="image019.gif"/>
 <o:File HRef="image020.gif"/>
 <o:File HRef="image021.gif"/>
 <o:File HRef="image022.gif"/>
 <o:File HRef="image023.gif"/>
 <o:File HRef="image024.gif"/>
 <o:File HRef="image025.gif"/>
 <o:File HRef="image026.gif"/>
 <o:File HRef="image027.gif"/>
 <o:File HRef="image028.gif"/>
 <o:File HRef="image029.gif"/>
 <o:File HRef="image030.gif"/>
 <o:File HRef="image030.gif"/>
 <o:File HRef="image030.gif"/>
 <o:File HRef="image030.gif"/>
 <o:File HRef="image030.gif"/>
 <o:File HRef="image030.gif"/>
 <o:File HRef="image030.gif"/>
 <o:File HRef="image030.gif"/>
 <o:File HRef="image030.gif"/>
 <o:File HRef="image030.gif"/>
 <o:File HRef="image030.gif"/>
 <o:File HRef="image006.png"/>
 <o:File HRef="image007.jpg"/>
 <o:File HRef="image032.png"/>
 <o:File HRef="image008.jpg"/>
 <o:File HRef="image033.png"/>
 <o:File HRef="image014.jpg"/>
 <o:File HRef="image040.png"/>
 <o:File HRef="image018.jpg"/>
 <o:File HRef="image042.png"/>
 <o:File HRef="image031.jpg"/>
 <o:File HRef="image045.png"/>
 <o:File HRef="image038.jpg"/>
 <o:File HRef="image048.png"/>
 <o:File HRef="image039.jpg"/>
 <o:File HRef="image047.png"/>
 <o:File HRef="image041.jpg"/>
 <o:File HRef="image052.png"/>
 <o:File HRef="image044.jpg"/>
 <o:File HRef="image056.png"/>
 <o:File HRef="image046.jpg"/>
 <o:File HRef="image058.png"/>
 <o:File HRef="image049.jpg"/>
 <o:File HRef="image051.gif"/>
 <o:File HRef="image054.gif"/>
 <o:File HRef="image055.gif"/>
 <o:File HRef="image059.gif"/>
 <o:File HRef="image055.gif"/>
 <o:File HRef="image060.gif"/>
 <o:File HRef="image061.gif"/>
 <o:File HRef="image065.gif"/>
 <o:File HRef="image066.gif"/>
 <o:File HRef="image067.gif"/>
 <o:File HRef="image066.gif"/>
 <o:File HRef="image068.gif"/>
 <o:File HRef="image066.gif"/>
 <o:File HRef="image069.gif"/>
 <o:File HRef="image066.gif"/>
 <o:File HRef="image070.gif"/>
 <o:File HRef="image066.gif"/>
 <o:File HRef="image063.png"/>
 <o:File HRef="image071.jpg"/>
 <o:File HRef="image074.gif"/>
 <o:File HRef="image073.png"/>
 <o:File HRef="image072.jpg"/>
 <o:File HRef="image076.png"/>
 <o:File HRef="image075.jpg"/>
 <o:File HRef="image079.png"/>
 <o:File HRef="image078.jpg"/>
 <o:File HRef="image080.jpg"/>
 <o:File HRef="image105.gif"/>
 <o:File HRef="image106.gif"/>
 <o:File HRef="image103.gif"/>
 <o:File HRef="image104.gif"/>
 <o:File HRef="image083.gif"/>
 <o:File HRef="image084.png"/>
 <o:File HRef="image082.jpg"/>
 <o:File HRef="image086.gif"/>
 <o:File HRef="image087.gif"/>
 <o:File HRef="image088.gif"/>
 <o:File HRef="image088.gif"/>
 <o:File HRef="image125.gif"/>
 <o:File HRef="image091.gif"/>
 <o:File HRef="image128.gif"/>
 <o:File HRef="image093.gif"/>
 <o:File HRef="image129.gif"/>
 <o:File HRef="image093.gif"/>
 <o:File HRef="image095.gif"/>
 <o:File HRef="image093.gif"/>
 <o:File HRef="image096.gif"/>
 <o:File HRef="image093.gif"/>
 <o:File HRef="image130.gif"/>
 <o:File HRef="image097.gif"/>
 <o:File HRef="image122.gif"/>
 <o:File HRef="image099.gif"/>
 <o:File HRef="image123.gif"/>
 <o:File HRef="image101.gif"/>
 <o:File HRef="image126.gif"/>
 <o:File HRef="image110.gif"/>
 <o:File HRef="image110.gif"/>
 <o:File HRef="image110.gif"/>
 <o:File HRef="image110.gif"/>
 <o:File HRef="image131.gif"/>
 <o:File HRef="image133.gif"/>
 <o:File HRef="image136.gif"/>
 <o:File HRef="image148.gif"/>
 <o:File HRef="image110.gif"/>
 <o:File HRef="image164.gif"/>
 <o:File HRef="image116.gif"/>
 <o:File HRef="image116.gif"/>
 <o:File HRef="image168.gif"/>
 <o:File HRef="image172.gif"/>
 <o:File HRef="image173.gif"/>
 <o:File HRef="image120.gif"/>
 <o:File HRef="image121.png"/>
 <o:File HRef="image089.jpg"/>
 <o:File HRef="image107.png"/>
 <o:File HRef="image090.jpg"/>
 <o:File HRef="image124.png"/>
 <o:File HRef="image092.jpg"/>
 <o:File HRef="image127.png"/>
 <o:File HRef="image094.jpg"/>
 <o:File HRef="image132.png"/>
 <o:File HRef="image098.jpg"/>
 <o:File HRef="image137.gif"/>
 <o:File HRef="image137.gif"/>
 <o:File HRef="image137.gif"/>
 <o:File HRef="image138.gif"/>
 <o:File HRef="image138.gif"/>
 <o:File HRef="image139.gif"/>
 <o:File HRef="image140.gif"/>
 <o:File HRef="image141.gif"/>
 <o:File HRef="image142.gif"/>
 <o:File HRef="image143.gif"/>
 <o:File HRef="image100.jpg"/>
 <o:File HRef="image144.png"/>
 <o:File HRef="image109.jpg"/>
 <o:File HRef="image147.gif"/>
 <o:File HRef="image165.gif"/>
 <o:File HRef="image149.gif"/>
 <o:File HRef="image150.gif"/>
 <o:File HRef="image151.gif"/>
 <o:File HRef="image152.gif"/>
 <o:File HRef="image153.gif"/>
 <o:File HRef="image154.gif"/>
 <o:File HRef="image155.gif"/>
 <o:File HRef="image156.gif"/>
 <o:File HRef="image157.gif"/>
 <o:File HRef="image158.gif"/>
 <o:File HRef="image159.gif"/>
 <o:File HRef="image158.gif"/>
 <o:File HRef="image160.gif"/>
 <o:File HRef="image161.gif"/>
 <o:File HRef="image162.gif"/>
 <o:File HRef="image163.gif"/>
 <o:File HRef="image146.png"/>
 <o:File HRef="image111.jpg"/>
 <o:File HRef="image169.png"/>
 <o:File HRef="image112.jpg"/>
 <o:File HRef="image113.gif"/>
 <o:File HRef="image114.gif"/>
 <o:File HRef="image115.gif"/>
 <o:File HRef="image115.gif"/>
 <o:File HRef="image115.gif"/>
 <o:File HRef="image117.gif"/>
 <o:File HRef="image118.gif"/>
 <o:File HRef="image119.gif"/>
 <o:File HRef="image115.gif"/>
 <o:File HRef="image134.gif"/>
 <o:File HRef="image135.gif"/>
 <o:File HRef="image145.gif"/>
 <o:File HRef="image166.gif"/>
 <o:File HRef="image170.gif"/>
 <o:File HRef="image171.gif"/>
 <o:File HRef="image184.gif"/>
 <o:File HRef="image185.gif"/>
 <o:File HRef="image184.gif"/>
 <o:File HRef="image186.gif"/>
 <o:File HRef="image184.gif"/>
 <o:File HRef="image167.png"/>
 <o:File HRef="image187.jpg"/>
 <o:File HRef="image188.png"/>
 <o:File HRef="image189.jpg"/>
 <o:File HRef="image191.png"/>
 <o:File HRef="image193.jpg"/>
 <o:File HRef="image194.png"/>
 <o:File HRef="image196.jpg"/>
 <o:File HRef="image197.png"/>
 <o:File HRef="image199.jpg"/>
 <o:File HRef="image200.png"/>
 <o:File HRef="image202.jpg"/>
 <o:File HRef="image240.png"/>
 <o:File HRef="image204.jpg"/>
 <o:File HRef="image203.png"/>
 <o:File HRef="image222.jpg"/>
 <o:File HRef="image205.gif"/>
 <o:File HRef="image206.gif"/>
 <o:File HRef="image207.gif"/>
 <o:File HRef="image208.gif"/>
 <o:File HRef="image209.gif"/>
 <o:File HRef="image210.gif"/>
 <o:File HRef="image211.gif"/>
 <o:File HRef="image212.gif"/>
 <o:File HRef="image213.gif"/>
 <o:File HRef="image214.gif"/>
 <o:File HRef="image215.gif"/>
 <o:File HRef="image216.gif"/>
 <o:File HRef="image217.gif"/>
 <o:File HRef="image216.gif"/>
 <o:File HRef="image218.gif"/>
 <o:File HRef="image219.gif"/>
 <o:File HRef="image220.gif"/>
 <o:File HRef="image221.gif"/>
 <o:File HRef="image246.png"/>
 <o:File HRef="image239.jpg"/>
 <o:File HRef="image223.gif"/>
 <o:File HRef="image233.gif"/>
 <o:File HRef="image224.gif"/>
 <o:File HRef="image225.gif"/>
 <o:File HRef="image226.gif"/>
 <o:File HRef="image226.gif"/>
 <o:File HRef="image226.gif"/>
 <o:File HRef="image227.gif"/>
 <o:File HRef="image228.gif"/>
 <o:File HRef="image229.gif"/>
 <o:File HRef="image226.gif"/>
 <o:File HRef="image230.gif"/>
 <o:File HRef="image231.gif"/>
 <o:File HRef="image232.gif"/>
 <o:File HRef="image235.gif"/>
 <o:File HRef="image236.gif"/>
 <o:File HRef="image237.gif"/>
 <o:File HRef="image236.gif"/>
 <o:File HRef="image238.gif"/>
 <o:File HRef="image236.gif"/>
 <o:File HRef="image234.png"/>
 <o:File HRef="image244.jpg"/>
 <o:File HRef="image250.jpg"/>
 <o:File HRef="image243.png"/>
 <o:File HRef="image251.jpg"/>
 <o:File HRef="image252.png"/>
 <o:File HRef="image253.jpg"/>
 <o:File HRef="image255.png"/>
 <o:File HRef="image262.jpg"/>
 <o:File HRef="image263.jpg"/>
 <o:File HRef="image258.png"/>
 <o:File HRef="image264.jpg"/>
 <o:File HRef="image260.png"/>
 <o:File HRef="image265.jpg"/>
 <o:File HRef="image266.png"/>
 <o:File HRef="image268.jpg"/>
 <o:File HRef="filelist.xml"/>
</xml>